idUsuario,cel,email,nombre,apellido,x,y
83,987-955-1226,aseggie0@upenn.edu,Auberon,Seggie,719.48,838.1
97,658-528-8263,awarrener1@slideshare.net,Ameline,Warrener,284.58,289.77
4,919-189-2464,mfromont2@jimdo.com,Mal,Fromont,802.25,531.03
46,375-927-2977,jsheryn3@wisc.edu,Jayme,Sheryn,683.51,491.28
11,910-787-8919,kzannotti4@hubpages.com,Kurt,Zannotti,738.17,243.32
29,239-795-6607,gbeeswing5@deviantart.com,Gayel,Beeswing,787.09,248.47
24,555-379-2094,rocurran6@ucla.edu,Ruttger,O'Curran,997.0,23.92
9,419-379-4939,msprowles7@51.la,Malvin,Sprowles,420.43,560.1
21,615-904-4163,cingerman8@smh.com.au,Christin,Ingerman,854.85,971.99
56,569-678-0181,msharpley9@addthis.com,Merle,Sharpley,306.12,633.48
73,828-827-8460,oadraina@forbes.com,Orland,Adrain,454.4,134.7
23,167-573-3454,mhinckleyb@t.co,Mildrid,Hinckley,212.33,592.18
81,387-669-4414,sdalmanc@jiathis.com,Stace,Dalman,354.68,597.98
46,733-464-5327,tmckyrrellyd@bbc.co.uk,Trev,McKyrrelly,626.89,504.45
37,910-387-1362,rcarrigane@chronoengine.com,Ruperto,Carrigan,124.36,634.04
94,408-787-8194,plehrianf@disqus.com,Pennie,Lehrian,400.09,522.85
91,566-585-4825,chuonicg@wired.com,Cazzie,Huonic,971.42,72.52
18,813-120-8510,drobertzh@oakley.com,Dagny,Robertz,361.86,746.3
74,855-850-7002,icarayoli@stanford.edu,Ira,Carayol,895.34,214.02
1,247-691-8771,rskehanj@hc360.com,Rhona,Skehan,19.23,872.68
77,129-291-3745,ccockroftk@canalblog.com,Cordy,Cockroft,120.82,68.1
95,177-450-4071,mduddenl@scientificamerican.com,Melisa,Dudden,596.34,421.87
37,667-204-9508,cdoggerellm@who.int,Cristin,Doggerell,847.32,710.9
71,270-704-6125,esewardsn@trellian.com,Emmey,Sewards,908.51,261.28
60,861-461-4127,eblabeyo@youtube.com,Elli,Blabey,967.18,703.05
41,952-341-6041,cdanielsenp@ustream.tv,Clemence,Danielsen,281.38,494.03
86,673-802-8242,dmollonq@cornell.edu,Dorisa,Mollon,567.68,353.72
29,433-210-6878,jdomanger@ifeng.com,Junie,Domange,105.1,618.93
66,458-495-9983,atotaros@fotki.com,Albie,Totaro,895.41,661.8
28,921-555-4326,ascarlett@scientificamerican.com,Alene,Scarlet,561.42,152.23
94,303-291-1413,tewbanksu@mtv.com,Tamqrah,Ewbanks,131.46,592.81
36,324-356-1267,bwulfingerv@slashdot.org,Berna,Wulfinger,606.2,426.04
57,340-631-2036,cmignotw@jalbum.net,Chuck,Mignot,324.35,207.5
34,816-260-2938,gmaithx@nymag.com,Gelya,Maith,684.77,75.39
57,571-217-5500,bsruttony@ca.gov,Beckie,Srutton,601.15,71.79
82,882-726-7094,enorssisterz@irs.gov,Electra,Norssister,79.14,260.22
43,901-762-3338,ajohann10@prnewswire.com,Arleta,Johann,528.97,535.77
77,210-595-3525,mrisom11@independent.co.uk,Marie-ann,Risom,287.65,491.67
29,636-196-2093,jglendzer12@indiatimes.com,Josiah,Glendzer,894.16,730.85
22,354-226-5484,kmintoff13@shinystat.com,Kayle,Mintoff,724.03,987.54
70,758-319-9010,jseston14@macromedia.com,Jewelle,Seston,962.11,265.82
20,237-404-1378,ploades15@sun.com,Peirce,Loades,178.41,185.71
42,603-351-7699,eameerbeg16@ca.gov,Eudora,Ameer-Beg,405.18,420.88
84,254-921-8947,squest17@virginia.edu,Stormie,Quest,80.43,195.72
55,382-367-9331,ynijssen18@craigslist.org,Yvon,Nijssen,7.33,22.65
92,844-102-7667,bplastow19@seesaa.net,Brendis,Plastow,153.31,68.63
26,504-850-2942,nlicari1a@geocities.com,Nevsa,Licari,8.86,344.29
92,638-268-6948,hgreenhow1b@canalblog.com,Henryetta,Greenhow,620.6,697.41
3,320-256-4137,jsaltrese1c@moonfruit.com,Jonie,Saltrese,803.6,424.75
85,413-174-8076,aramsay1d@tripod.com,Ad,Ramsay,945.87,222.57
16,996-134-2401,eguidini1e@delicious.com,Ezra,Guidini,809.46,697.98
89,536-537-5730,sdadd1f@admin.ch,Stuart,Dadd,648.71,537.44
82,270-212-1175,jridding1g@tripod.com,Jameson,Ridding,429.45,146.42
91,299-416-5286,cbendare1h@xinhuanet.com,Currie,Bendare,997.37,570.76
61,523-766-8385,jpurslow1i@hexun.com,Jenda,Purslow,360.36,957.29
53,361-444-2824,mkidman1j@gov.uk,Marcus,Kidman,554.59,578.04
32,277-539-8245,dsiddall1k@t.co,Donavon,Siddall,837.61,288.28
49,985-899-7466,ulegassick1l@baidu.com,Uri,Le Gassick,420.18,993.86
90,352-462-9055,cvernazza1m@earthlink.net,Cyrill,Vernazza,405.45,208.64
57,937-304-4322,eadolfsen1n@yandex.ru,Eloisa,Adolfsen,872.76,982.44
7,768-102-3353,mraddon1o@homestead.com,Mal,Raddon,285.8,361.56
12,175-635-7795,lbreede1p@usnews.com,Lennie,Breede,213.47,379.92
79,934-609-1382,aplumbley1q@spotify.com,Allys,Plumbley,761.26,906.83
46,760-265-0775,cmilborn1r@ucla.edu,Cynthia,Milborn,748.79,950.26
30,234-195-6270,wpendall1s@thetimes.co.uk,Weylin,Pendall,457.15,586.62
32,810-440-1766,mgenn1t@bloglines.com,Mariellen,Genn,502.37,381.23
66,679-428-2668,mogborn1u@dmoz.org,Merv,Ogborn,54.48,250.65
50,998-511-4989,aredparth1v@shinystat.com,Anatole,Redparth,542.34,298.56
11,947-248-4031,yquayle1w@gov.uk,Yankee,Quayle,642.44,802.04
74,239-839-8224,jbolt1x@cloudflare.com,Jermain,Bolt,843.21,96.71
2,426-557-3077,spadefield1y@howstuffworks.com,Susanetta,Padefield,480.79,517.27
36,554-583-2093,jbarbara1z@webeden.co.uk,Judye,Barbara,897.65,145.37
36,256-637-6308,massur20@forbes.com,Margarete,Assur,686.33,511.22
22,595-611-4520,jimeson21@apple.com,Jose,Imeson,615.71,754.68
61,661-664-1081,askeates22@cargocollective.com,Amanda,Skeates,266.11,19.24
35,619-839-3814,mpomfrey23@vk.com,Maye,Pomfrey,817.55,750.39
89,797-658-6473,rnaden24@unc.edu,Rebbecca,Naden,725.9,666.84
27,305-364-9537,sleacock25@lulu.com,Starr,Leacock,447.27,469.58
24,751-336-3916,bchamberlin26@sphinn.com,Benetta,Chamberlin,333.76,536.49
85,174-131-8061,amasser27@google.it,Ardella,Masser,48.85,686.34
4,471-753-8191,vpetric28@pcworld.com,Vannie,Petric,511.59,159.37
32,388-452-8318,thalsall29@patch.com,Tulley,Halsall,869.87,236.73
96,350-458-8965,ggimlet2a@symantec.com,Gipsy,Gimlet,965.81,371.1
19,332-913-9282,amaloney2b@cnet.com,Asia,Maloney,823.91,257.26
52,703-320-0637,anoller2c@sourceforge.net,Adele,Noller,846.51,39.3
59,350-755-2254,abottoms2d@kickstarter.com,Abbey,Bottoms,837.03,822.74
11,897-722-4540,etrematick2e@npr.org,Eddie,Trematick,369.75,156.96
60,724-630-1323,mludgrove2f@discovery.com,Morton,Ludgrove,172.08,76.71
9,805-778-4786,rlinfoot2g@symantec.com,Rinaldo,Linfoot,703.45,388.56
60,137-647-1659,clissimore2h@mail.ru,Cyndy,Lissimore,389.36,874.07
53,284-757-6778,chinkins2i@paypal.com,Claudetta,Hinkins,92.82,299.46
17,840-550-2105,rbradtke2j@gmpg.org,Roanne,Bradtke,797.53,583.93
65,573-972-1368,fdungey2k@wikimedia.org,Frederique,Dungey,400.21,125.79
24,917-221-0130,lheart2l@icq.com,Llewellyn,Heart,785.6,444.4
48,635-562-8059,squan2m@dagondesign.com,Shanan,Quan,969.75,618.21
40,253-248-8905,ckullmann2n@1688.com,Charleen,Kullmann,573.63,884.51
31,136-154-0571,bgallahar2o@ehow.com,Barbie,Gallahar,920.56,124.16
24,512-947-4967,ishropsheir2p@si.edu,Ingemar,Shropsheir,860.23,690.25
40,287-159-5886,oguiton2q@arizona.edu,Oran,Guiton,243.55,811.27
12,259-431-2012,trosentholer2r@pinterest.com,Tricia,Rosentholer,809.17,447.39
7,694-554-2584,ckynforth2s@artisteer.com,Coreen,Kynforth,463.96,618.34
37,944-648-1049,eklyn2t@home.pl,Eadmund,Klyn,821.46,995.41
13,566-304-0188,memmert2u@angelfire.com,Mariette,Emmert,817.86,382.62
62,784-308-3935,yshakelade2v@imageshack.us,Yorke,Shakelade,5.6,935.91
19,497-712-3404,ewilde2w@gnu.org,Emma,Wilde,809.93,444.52
15,203-776-6045,cworgan2x@sfgate.com,Clyde,Worgan,24.15,951.13
11,867-554-6934,cdibble2y@wordpress.org,Carroll,Dibble,698.38,943.68
54,788-795-3232,gheugh2z@ebay.com,Gerhardine,Heugh,770.1,80.95
55,807-712-5956,qmassey30@discovery.com,Quint,Massey,295.01,203.68
26,894-977-4947,bbaraja31@ca.gov,Barret,Baraja,382.03,395.13
9,184-476-0460,lmcallister32@bloglines.com,Leena,McAllister,997.88,245.01
8,586-563-4587,censton33@smh.com.au,Chiquia,Enston,105.84,179.39
40,726-500-8614,aquarrie34@woothemes.com,Annadiane,Quarrie,851.7,227.82
36,381-339-3819,mbarron35@geocities.jp,Madelena,Barron,54.2,143.9
89,609-185-6550,gbocken36@princeton.edu,Godwin,Bocken,678.66,490.8
26,702-585-2457,rrenison37@ezinearticles.com,Randy,Renison,972.2,547.45
31,614-960-9449,elabet38@cdbaby.com,Estrellita,Labet,951.84,360.44
75,493-656-3642,awallwood39@ning.com,Aimil,Wallwood,434.51,925.0
41,232-905-5893,avowells3a@google.co.uk,Andrey,Vowells,880.19,76.43
13,941-444-0883,rmallam3b@imdb.com,Rhiamon,Mallam,527.85,148.84
64,156-134-4549,dwoolham3c@usatoday.com,Dierdre,Woolham,373.45,298.34
38,165-455-5568,kfacey3d@printfriendly.com,Kitti,Facey,518.09,994.31
29,680-568-0985,aeccersley3e@google.com.br,Alfredo,Eccersley,664.72,248.87
6,861-407-0373,bgarwell3f@de.vu,Belia,Garwell,97.92,953.76
24,699-955-1404,bvinall3g@youtu.be,Brent,Vinall,257.06,777.08
89,382-490-8997,hhandlin3h@imageshack.us,Humphrey,Handlin,552.78,588.67
4,778-835-1581,ddolan3i@nbcnews.com,Darcee,Dolan,969.01,931.51
51,847-711-8617,bprue3j@census.gov,Barret,Prue,43.48,181.57
67,728-844-9739,btodman3k@cnet.com,Brett,Todman,140.42,227.33
47,889-587-2990,kpayne3l@addthis.com,Katusha,Payne,169.78,415.15
21,232-676-4376,lrobertshaw3m@topsy.com,Lia,Robertshaw,535.06,442.07
89,873-279-1935,lquail3n@netscape.com,Lorilyn,Quail,494.57,81.22
98,756-955-5899,lmozzi3o@istockphoto.com,Lynn,Mozzi,398.19,837.81
43,413-675-4909,lcadamy3p@seattletimes.com,Lina,Cadamy,653.08,16.52
12,590-290-9666,folivie3q@blinklist.com,Fiann,Olivie,752.7,694.36
58,253-802-7147,kloisi3r@so-net.ne.jp,Karlen,Loisi,585.49,93.33
39,611-533-9628,bducker3s@cbc.ca,Bondie,Ducker,167.3,319.44
20,779-731-7290,scanlin3t@bbb.org,Sande,Canlin,867.27,296.64
52,330-205-5880,bkleisel3u@java.com,Basil,Kleisel,411.52,135.27
93,305-875-0864,hmacelholm3v@imdb.com,Herschel,MacElholm,807.6,834.7
64,356-581-6240,lsaturley3w@icq.com,Lurette,Saturley,118.91,154.11
62,325-645-2825,aloseby3x@mozilla.com,Allayne,Loseby,974.56,721.38
100,465-256-4182,ebringloe3y@feedburner.com,Edita,Bringloe,53.2,884.26
7,862-374-5135,npineaux3z@behance.net,Norbert,Pineaux,525.97,586.04
37,117-552-0023,bsquibb40@nba.com,Bay,Squibb,410.78,882.32
82,855-536-7155,efilipic41@ihg.com,Eddie,Filipic,744.71,220.9
50,407-308-3134,jtallow42@constantcontact.com,Jamie,Tallow,887.45,452.34
17,437-730-8994,lgrotty43@msu.edu,Larina,Grotty,725.96,191.61
46,554-190-4434,dculp44@accuweather.com,Darb,Culp,73.1,715.7
100,880-583-4367,jgiacobo45@is.gd,Janet,Giacobo,18.45,226.19
79,899-608-7795,bdorning46@ed.gov,Blisse,Dorning,161.3,680.26
69,252-453-7419,jorrell47@dailymotion.com,Jennee,Orrell,705.19,7.18
82,769-768-7717,battwater48@xing.com,Berna,Attwater,889.73,733.0
29,178-380-3072,tsurmeyer49@typepad.com,Tatiana,Surmeyer,171.8,435.86
36,922-858-2512,jcruttenden4a@accuweather.com,Jody,Cruttenden,979.02,724.56
87,950-501-0589,dsexten4b@weebly.com,Dorita,Sexten,929.2,789.07
72,661-212-3379,pfirk4c@constantcontact.com,Paulie,Firk,445.99,504.58
23,173-175-8989,aeicke4d@printfriendly.com,Athena,Eicke,489.6,634.94
52,360-491-9837,tjacson4e@123-reg.co.uk,Thaddeus,Jacson,574.63,29.6
51,580-566-0380,imouser4f@ycombinator.com,Idalia,Mouser,304.77,432.77
73,709-629-4576,bcooksley4g@mac.com,Brittaney,Cooksley,935.19,103.47
63,831-699-0414,fgrinstead4h@tamu.edu,Ferne,Grinstead,401.96,948.14
18,677-860-1794,jcantos4i@ucsd.edu,Justen,Cantos,217.05,565.67
61,787-590-0490,acaistor4j@dyndns.org,Angil,Caistor,534.76,567.42
91,228-709-7355,fsprowle4k@nih.gov,Farrel,Sprowle,649.3,864.39
87,700-203-2691,grobelet4l@wisc.edu,Grenville,Robelet,210.26,425.31
84,522-534-0534,tmorrow4m@google.com.au,Trevar,Morrow,466.76,761.63
31,898-778-0967,cchildrens4n@ted.com,Carmen,Childrens,349.77,148.42
60,902-206-8716,jkahler4o@msu.edu,Jandy,Kahler,187.14,28.52
49,714-520-5104,msurgener4p@icio.us,Madeleine,Surgener,887.97,684.76
21,404-821-4522,ecouroy4q@goo.ne.jp,Elaina,Couroy,597.42,116.26
89,605-356-2814,fdenyer4r@webnode.com,Fairfax,Denyer,576.8,862.32
66,355-374-2884,jarchbald4s@pen.io,Jameson,Archbald,711.9,540.7
21,151-982-0467,abeedham4t@themeforest.net,Aristotle,Beedham,830.26,38.77
67,379-386-1129,jmccombe4u@jimdo.com,Jarrad,McCombe,744.35,881.94
94,136-889-2076,dedmonds4v@weather.com,Dolores,Edmonds,830.87,618.86
41,146-419-0532,rgoalby4w@smh.com.au,Robenia,Goalby,662.51,419.55
4,752-623-2262,swonfor4x@netvibes.com,Stormi,Wonfor,442.23,802.54
68,433-898-7060,erymer4y@eepurl.com,Enriqueta,Rymer,240.91,941.36
70,812-338-8192,mbanaszkiewicz4z@wired.com,Maiga,Banaszkiewicz,894.73,282.95
51,428-326-5522,wsollam50@dagondesign.com,Wynn,Sollam,546.16,564.51
15,489-580-7494,ehaine51@google.com.br,Emlyn,Haine,453.69,322.59
39,303-272-4681,etuvey52@cafepress.com,Emerson,Tuvey,613.84,262.74
44,175-900-2613,jyaxley53@cbc.ca,Josefina,Yaxley,408.56,434.48
58,264-113-5319,coverel54@multiply.com,Carmelle,Overel,400.92,735.34
9,318-859-4464,jimlen55@twitter.com,Jo-anne,Imlen,50.62,946.35
75,479-234-0412,sandrivel56@storify.com,Simona,Andrivel,944.56,702.15
81,252-803-0256,tfarden57@geocities.com,Tessy,Farden,617.48,836.83
19,823-751-1067,dbitten58@mapquest.com,Dorothy,Bitten,328.9,408.8
8,392-702-7738,ckernell59@whitehouse.gov,Cull,Kernell,988.4,719.33
25,131-538-6619,etroyes5a@google.fr,Eva,Troyes,776.02,846.78
85,662-627-5026,glourens5b@paypal.com,Geoffry,Lourens,486.82,217.39
77,389-482-1253,abursell5c@surveymonkey.com,Antonella,Bursell,358.81,324.13
75,105-616-8481,rluquet5d@gizmodo.com,Randee,Luquet,193.33,795.15
5,120-254-5411,ncrayden5e@google.com.au,Noby,Crayden,843.69,714.92
81,662-404-3950,gfishe5f@wikispaces.com,Georas,Fishe,511.88,274.79
7,999-715-3593,crubury5g@jalbum.net,Cob,Rubury,306.39,22.13
31,690-195-4000,lbedford5h@1und1.de,Lennie,Bedford,955.39,687.85
34,544-260-0329,hmebius5i@privacy.gov.au,Hunter,Mebius,261.72,731.8
72,654-322-8323,kshillinglaw5j@topsy.com,Karissa,Shillinglaw,838.38,423.77
