id,nombre
1,Braden
2,Elene
3,Mara
4,Armin
5,Darryl
6,Elise
7,Caritta
8,Monti
9,Brook
10,Ximenez
11,Ali
12,Brant
13,Erie
14,Horatio
15,Raphaela
16,Etienne
17,Eugenie
18,Trina
19,Mariette
20,Adela
21,Caesar
22,Marta
23,Sybila
24,Tildie
25,Tom
26,Lemmie
27,Brnaby
28,Ted
29,Jordon
30,Odie
31,Rudd
32,Norrie
33,Dolley
34,Halimeda
35,Paxon
36,Sholom
37,Clarine
38,Elfrida
39,Rozele
40,Tades
41,Flem
42,Cherrita
43,Vale
44,Drucill
45,Robers
46,Cora
47,Shellysheldon
48,Max
49,Regen
50,Annnora
51,Townsend
52,Elsinore
53,Celestina
54,Ilse
55,Salomo
56,Ayn
57,Holly
58,Keenan
59,Wolfie
60,Jed
61,Lynnelle
62,Mychal
63,Lonnard
64,Rosalind
65,Di
66,Loretta
67,Kora
68,Noellyn
69,Mitch
70,Olwen
71,Wilfred
72,Hermione
73,Udell
74,Carmelita
75,Oralie
76,Tim
77,Cullen
78,Pollyanna
79,Cris
80,Temple
81,Codi
82,Herschel
83,Reinhard
84,Brant
85,Veriee
86,Amabel
87,Karna
88,Anna-maria
89,Delmor
90,Fair
91,Waly
92,Alessandro
93,Karlie
94,Robin
95,Erasmus
96,Mary
97,Gordy
98,Elijah
99,Harp
100,Rae
101,Donnie
102,Billy
103,Ardra
104,Michaella
105,Magda
106,Annabel
107,Chane
108,Avrit
109,Agosto
110,Mata
111,Maia
112,Angelica
113,Lanni
114,Alf
115,Miller
116,Ambros
117,Biron
118,Sarine
119,Shaine
120,Webster
121,Vito
122,Domenic
123,Gerald
124,Gearard
125,Lisetta
126,Brennan
127,Chloe
128,Salim
129,Fairfax
130,Quinn
131,Hali
132,Forbes
133,Gilburt
134,Doralia
135,Retha
136,Clare
137,Rodrigo
138,Barnabas
139,Junia
140,Paton
141,Guillema
142,Willy
143,Bartholemy
144,Ansell
145,Seymour
146,Tracy
147,Dag
148,Joceline
149,Ondrea
150,Douglass
151,Kimbra
152,Cesaro
153,Ginevra
154,Horten
155,Jewell
156,Sindee
157,Henrik
158,Hewe
159,Lucie
160,Dotti
161,Kimbra
162,Dulce
163,Ebba
164,Jacobo
165,Dulsea
166,Fayina
167,Cherilynn
168,Edwina
169,Karrah
170,Ninetta
171,Juan
172,Myriam
173,Louie
174,Frasquito
175,Nariko
176,Sanson
177,Kally
178,Timmie
179,Carmine
180,Ninetta
181,Silvia
182,Claretta
183,Briny
184,Celine
185,Clark
186,Morena
187,Isis
188,Vere
189,Polly
190,Marie
191,Rici
192,Howey
193,Elane
194,Geno
195,Virgie
196,Nikola
197,Suzanne
198,Arlin
199,Nannie
200,Warner
201,Dulsea
202,Susannah
203,Sergei
204,Devin
205,Port
206,Andy
207,Zach
208,Danny
209,Dene
210,Franny
211,Charmaine
212,Pearline
213,Sue
214,Antony
215,Kristoffer
216,Meir
217,Roselin
218,Wilt
219,Beaufort
220,Hedvige
221,Yard
222,Emery
223,Regen
224,Beniamino
225,Sandra
226,Hart
227,Berthe
228,Sigismond
229,Carlyn
230,Imojean
231,Brant
232,Gennifer
233,Thurstan
234,Merissa
235,Temple
236,Eugine
237,Morgun
238,Johanna
239,Cyril
240,Rooney
241,Gordan
242,Shepperd
243,Claudian
244,Delcina
245,Kathi
246,Townie
247,Haley
248,Duane
249,Cristian
250,Goldina
251,Mommy
252,Danni
253,Dunstan
254,Ashlie
255,Tera
256,Purcell
257,Delbert
258,Bill
259,Jenifer
260,Manda
261,Vinita
262,Kyla
263,Allin
264,Karlotte
265,Pia
266,Rudolph
267,Brunhilda
268,Madlin
269,Aleen
270,Levy
271,Ilyssa
272,Hallie
273,Arlana
274,Elmer
275,Kellen
276,Codie
277,Ekaterina
278,Zea
279,Constancy
280,Magda
281,Kienan
282,Shane
283,Anatole
284,Carlin
285,Fletcher
286,Margaret
287,Yasmeen
288,Bartholomew
289,George
290,Desirae
291,Titos
292,Burke
293,Leanna
294,Rafaello
295,Cherida
296,Julita
297,Hussein
298,Eddi
299,Rafaelita
300,Stevena
301,Pacorro
302,Max
303,Normy
304,Emlen
305,Elinor
306,Winifield
307,Emanuel
308,Rosy
309,Rosalinda
310,Troy
311,Darryl
312,Jenica
313,Cami
314,Dasi
315,Chickie
316,Shalna
317,Bink
318,Gaultiero
319,Lark
320,Antonin
321,Consolata
322,Gabriel
323,Jacquelynn
324,Tammie
325,Tyrus
326,Hasheem
327,Charlotte
328,Taber
329,Ruthy
330,Dalila
331,Alyce
332,Lacey
333,Elmer
334,Evonne
335,Thomasin
336,Ernie
337,Filbert
338,Alexandrina
339,Nancie
340,Millie
341,Betteann
342,Marcie
343,Winifield
344,Erina
345,Ogden
346,Julie
347,Hasheem
348,Verna
349,Sauncho
350,Reeta
351,Jocelyne
352,Shannon
353,Shadow
354,Douglass
355,Emyle
356,Edwin
357,Celestina
358,Gabbi
359,Rheba
360,Nikolai
361,Mireille
362,Babb
363,Laureen
364,Melody
365,Desiri
366,Katey
367,Candide
368,Andriette
369,Dita
370,Buddie
371,Corine
372,Niall
373,Linzy
374,Rooney
375,Dawn
376,Kevyn
377,Meris
378,Denis
379,Xavier
380,Yanaton
381,Berrie
382,Kailey
383,Cinderella
384,Aarika
385,Harold
386,Benn
387,Dick
388,Ora
389,Berk
390,Beaufort
391,Robby
392,Bobinette
393,Correy
394,Ardelia
395,Ellswerth
396,Flint
397,Lilli
398,Jereme
399,Mikkel
400,Paloma
401,Tiphanie
402,Verne
403,Andros
404,Trever
405,Tiphanie
406,Nicola
407,Ira
408,Emlynne
409,Viole
410,Lexine
411,Tamara
412,Danette
413,Stefa
414,Sallyanne
415,Ardyce
416,Kris
417,Lynnea
418,Van
419,Lulu
420,Rey
421,Mitchel
422,Barris
423,Jodie
424,Cort
425,Kalinda
426,Beverlee
427,Tarrance
428,Andreas
429,Shermie
430,Townsend
431,Tootsie
432,Christin
433,Bertine
434,Christean
435,Ulric
436,Zilvia
437,Lydie
438,Vin
439,Barbaraanne
440,Blondelle
441,Shayne
442,Weidar
443,Vi
444,Idalia
445,Xenia
446,Roberto
447,Charlie
448,Becky
449,Micky
450,Leeanne
451,Olav
452,Sigfrid
453,Merralee
454,Fanchon
455,Kingsley
456,Merilyn
457,Corrie
458,Rona
459,Ardine
460,Simone
461,Mehetabel
462,Josee
463,Zaria
464,Scotti
465,Terza
466,Rickey
467,Giuditta
468,Charil
469,Olag
470,Agnesse
471,Jsandye
472,Cornell
473,Jeramie
474,Gilbertine
475,Micheal
476,Alanson
477,Alyss
478,Brier
479,Hanan
480,Ivett
481,Maggee
482,Wilden
483,Rene
484,Ettore
485,Demetra
486,Hamlen
487,Alfred
488,Waylen
489,Chrysa
490,Elnore
491,Rheta
492,Norah
493,Nona
494,Elliott
495,Cort
496,Candice
497,Jeanette
498,Lorry
499,Jesse
500,Drud
501,Enrichetta
502,Elayne
503,Martin
504,Harlin
505,Gallard
506,Thelma
507,Sarene
508,Alicia
509,Adrienne
510,Dukie
511,Brynne
512,Eadie
513,Danya
514,Booth
515,Shantee
516,Ignace
517,Marcus
518,Debor
519,Eliza
520,Therese
521,Luther
522,Wini
523,Marley
524,Candra
525,Claus
526,Richy
527,Arlen
528,Hakeem
529,Piggy
530,Neddie
531,Rowena
532,Marion
533,Olav
534,Eleonora
535,Beilul
536,Clair
537,Norry
538,Vonny
539,Bennett
540,Rosabella
541,Aigneis
542,Aylmer
543,El
544,Pate
545,Fleming
546,Rog
547,Nestor
548,Dylan
549,Ede
550,Ardine
551,Sydney
552,Barbie
553,Kirstyn
554,Shanta
555,Hoyt
556,Roderich
557,Forrest
558,Hal
559,Sharline
560,Mercie
561,Adore
562,Galen
563,Caria
564,Sephira
565,Erny
566,Gwennie
567,Tammy
568,Abbey
569,Babbie
570,Gardy
571,Marylynne
572,Kelli
573,Kearney
574,Gretna
575,Audre
576,Candis
577,Sherrie
578,Roanna
579,Shea
580,Adina
581,Tanner
582,Rhona
583,Aurelia
584,Decca
585,Trixi
586,Hilliard
587,Dukie
588,Caldwell
589,Henrieta
590,Wallache
591,Stanislaus
592,Veronike
593,Tedd
594,Maddie
595,Marta
596,Becka
597,Sandra
598,Celeste
599,Dusty
600,Pearce
601,Frasier
602,Myrilla
603,Valentino
604,Claire
605,Bartholomeo
606,Uta
607,Brinn
608,Harley
609,April
610,Joyous
611,Clevey
612,Garrot
613,Friedrick
614,Jedd
615,Avrom
616,Belicia
617,Kristina
618,Etta
619,Tristam
620,Gerek
621,Goldina
622,Craggie
623,Carlin
624,Elmore
625,Rea
626,Lulita
627,Francesca
628,Hilly
629,Jaymee
630,Ulrike
631,Carmita
632,Jarvis
633,Gayla
634,Nan
635,Everett
636,Erik
637,Constantina
638,Karrie
639,Bern
640,Lanni
641,Thorin
642,Emanuele
643,Jeffie
644,Stephanus
645,Kory
646,Sebastian
647,Marco
648,Harley
649,Robinet
650,Charity
651,Ealasaid
652,Carmel
653,Horton
654,Brandice
655,Mohandas
656,Lynea
657,Byran
658,Lewiss
659,June
660,Gibb
661,Modestia
662,Rorke
663,Corrina
664,Shannah
665,Nannie
666,Nappie
667,Meggi
668,Evaleen
669,Noreen
670,Dael
671,Hersh
672,Annabal
673,Tasha
674,Erwin
675,Laurette
676,Noak
677,Myron
678,Jervis
679,Nicolle
680,Addi
681,Terry
682,Mia
683,Jennette
684,King
685,Garrott
686,Darrell
687,Cynthie
688,Corny
689,Johnnie
690,Richmond
691,Ivette
692,Yevette
693,Maiga
694,Steward
695,Denice
696,Herman
697,Court
698,Rinaldo
699,Sascha
700,Wyatan
701,Frazier
702,Samara
703,Burton
704,Marabel
705,Tallou
706,Brietta
707,Suzie
708,Cherianne
709,Alfreda
710,Harlie
711,Shane
712,Khalil
713,Stacy
714,Marietta
715,Abran
716,Karena
717,Archie
718,Diahann
719,Martguerita
720,Jocelyne
721,Maia
722,Jasen
723,Priscilla
724,Boycie
725,Roddy
726,Malvina
727,Cordi
728,Lela
729,Robenia
730,Maribelle
731,Ameline
732,Andris
733,Clementina
734,Mariska
735,Jenelle
736,Denney
737,Shelley
738,Thoma
739,Dotty
740,Kettie
741,Kelsey
742,Goldina
743,Dody
744,Cornela
745,Stillman
746,Jenelle
747,Alex
748,Sayre
749,Urbano
750,Andreas
751,Addy
752,Clair
753,Analise
754,Finley
755,Stormi
756,Virginie
757,Krystal
758,Nancy
759,Issy
760,Cathrin
761,Elmo
762,Lukas
763,Siffre
764,Marguerite
765,Cristal
766,Ber
767,Muffin
768,Adham
769,Kordula
770,Tommy
771,Arabele
772,Emelina
773,Gabrielle
774,Debee
775,Deni
776,Agata
777,Chance
778,Adrian
779,Paco
780,Fernande
781,Carmelle
782,Deeanne
783,Babita
784,Wes
785,Sella
786,Emily
787,Mattheus
788,Vanda
789,Cassey
790,Stephani
791,Correy
792,Poppy
793,Kev
794,Tab
795,Rolando
796,Blancha
797,Katlin
798,Brand
799,Adlai
800,Dane
801,Brunhilda
802,Leo
803,Kaile
804,Patrizia
805,Dore
806,Anna-diane
807,Verna
808,Ade
809,Tamqrah
810,Shellie
811,Gothart
812,Ginevra
813,Claudetta
814,Lyndsie
815,Baillie
816,Redd
817,Ashia
818,Alyson
819,Lenci
820,Roman
821,Gerry
822,Bar
823,Asa
824,Eunice
825,Osmund
826,Jessi
827,Stan
828,Michaeline
829,Cal
830,Antonetta
831,Trumann
832,Bree
833,Sandro
834,Clifford
835,Melania
836,Travus
837,Katheryn
838,Elfreda
839,Gwendolin
840,Trent
841,Evangeline
842,Alastair
843,Jarrid
844,Chaddy
845,Marysa
846,Robinet
847,Norbie
848,Kaile
849,Leone
850,Veda
851,Galvin
852,Thorpe
853,Mathilda
854,Veriee
855,Kacie
856,Dame
857,Augustin
858,Johanna
859,Ninetta
860,Etty
861,Hartley
862,Lynn
863,Jodie
864,Jule
865,Donnell
866,Mervin
867,Johannes
868,Meriel
869,Denney
870,Flinn
871,Syd
872,Rhianna
873,Brion
874,Felicity
875,Martie
876,Donn
877,Francene
878,Eal
879,Lonna
880,Asa
881,Templeton
882,Lisle
883,Carol
884,Obadias
885,Claire
886,Kingston
887,Konrad
888,Blair
889,Henka
890,Karmen
891,Barbra
892,Leora
893,Ebeneser
894,Adoree
895,Porter
896,Kim
897,Paddie
898,Gilberta
899,Alla
900,Kathlin
901,Abie
902,Cora
903,Othilie
904,Lilla
905,Elaine
906,Raul
907,Dallis
908,Yuri
909,Pace
910,Humfrey
911,Nancey
912,Willow
913,Ulysses
914,Lisle
915,Tynan
916,Loralee
917,Webb
918,Tabina
919,Leonidas
920,Jaimie
921,Jandy
922,Jarib
923,Bernete
924,Yancy
925,Farris
926,Fields
927,Enoch
928,Domeniga
929,Erinna
930,Agosto
931,Bill
932,Florinda
933,Cthrine
934,Dyan
935,Afton
936,Gabriell
937,John
938,Abigael
939,Torr
940,Gerrie
941,Wallas
942,Faye
943,Marybelle
944,Briana
945,Barrett
946,Selene
947,Denna
948,Arin
949,Duke
950,Gearard
951,Payton
952,Sonia
953,Lucita
954,Yvonne
955,Tyler
956,Sashenka
957,Cornie
958,Rudolfo
959,Catriona
960,Rana
961,Beaufort
962,Jenn
963,Regan
964,Tadd
965,Ross
966,Nickie
967,Cameron
968,Preston
969,Sterling
970,Yasmeen
971,Corry
972,Carrol
973,Gwenni
974,Gardner
975,Waite
976,Marybeth
977,Loren
978,Daren
979,Barnabas
980,Merry
981,Teddy
982,Leopold
983,Adams
984,Bear
985,Evvie
986,Rosy
987,Worthington
988,Seka
989,Marshal
990,Lydia
991,Alvie
992,Barthel
993,Rhiamon
994,Sally
995,Tiffany
996,Antonin
997,Cyb
998,Dylan
999,Dunc
1000,Mozes
